photo_id,file_name,date_taken,location,people,scene_labels,ocr_text,album_or_event
P001,P001.jpg,2024-12-22,Goa,"","cafe|beige|outdoor","SOSAS","Goa Trip 2024"
P002,P002.jpg,2024-12-23,Goa,"","blue|building|outdoor","CASA LUSITANA","Goa Trip 2024"
P003,P003.jpg,2024-12-24,Goa,"User_Father","hotel|outdoor","Happy birthday","Goa Trip 2024"
P004,P004.jpg,2025-02-14,Bengaluru,"User|Friend_G","cafe|indoor","Happy birthday","Birthday dinner"
P005,P005.jpg,2024-12-22,Goa,"User|Friend_G","beach|outdoor|sunset","","Goa Trip 2024"
P006,P006.jpg,2024-12-22,Goa,"User|Friend_G","food|restaurant|outdoor|table","","Goa Trip 2024"
P007,P007.jpg,2024-12-23,Goa,"User|User_Father","beach|outdoor|water","Calangute Beach","Goa Trip 2024"
P008,P008.jpg,2024-12-23,Goa,"User|Friend_G","building|heritage|outdoor|blue","","Goa Trip 2024"
P009,P009.jpg,2024-12-24,Goa,"User_Father","hotel|room|indoor","","Goa Trip 2024"
P010,P010.jpg,2024-12-24,Goa,"User|User_Father","food|restaurant|indoor","Goan fish curry","Goa Trip 2024"
P011,P011.jpg,2024-12-25,Goa,"User|Friend_G","church|building|outdoor|heritage","","Goa Trip 2024"
P012,P012.jpg,2024-12-25,Goa,"User","street|building|outdoor|yellow","","Goa Trip 2024"
P013,P013.jpg,2024-12-26,Goa,"User|Friend_G","cafe|outdoor|food|table","Breakfast menu","Goa Trip 2024"
P014,P014.jpg,2024-12-26,Goa,"User","beach|outdoor|sea|sunset","","Goa Trip 2024"
P015,P015.jpg,2024-12-27,Goa,"User|User_Father","car|road|outdoor","","Goa Trip 2024"
P016,P016.jpg,2024-12-27,Goa,"User|Friend_G","market|street|outdoor|building","","Goa Trip 2024"
P017,P017.jpg,2025-01-01,Bengaluru,"User|Friend_G","home|food|indoor|celebration","Happy New Year","New Year dinner"
P018,P018.jpg,2025-01-05,Bengaluru,"User","building|blue|outdoor|street","","Bengaluru outing"
P019,P019.jpg,2025-01-05,Bengaluru,"User|Friend_G","building|blue|outdoor|heritage","","Bengaluru outing"
P020,P020.jpg,2025-01-06,Bengaluru,"User","cafe|indoor|coffee","Coffee menu","Bengaluru cafe visit"
P021,P021.jpg,2025-01-10,Bengaluru,"User|Friend_G","restaurant|indoor|food|table","","Weekend dinner"
P022,P022.jpg,2025-01-10,Bengaluru,"User|Friend_G","food|cake|indoor","Chocolate cake","Weekend dinner"
P023,P023.jpg,2025-01-15,Bengaluru,"User","office|desk|laptop|indoor","","Work day"
P024,P024.jpg,2025-01-15,Bengaluru,"User","document|screenshot|indoor","Meeting notes","Work day"
P025,P025.jpg,2025-01-20,Bengaluru,"User|Friend_G","park|outdoor|trees|walking","","Weekend outing"
P026,P026.jpg,2025-01-20,Bengaluru,"User","building|outdoor|street|blue","","Bengaluru outing"
P027,P027.jpg,2025-02-01,Bengaluru,"User","medicine|box|document","Paracetamol 500mg","Sick-day record"
P028,P028.jpg,2025-02-01,Bengaluru,"User","medicine|tablet|document","Cetirizine tablets","Sick-day record"
P029,P029.jpg,2025-02-01,Bengaluru,"User","receipt|document","Pharmacy bill","Sick-day record"
P030,P030.jpg,2025-02-08,Bengaluru,"User|Friend_G","restaurant|food|indoor","","Dinner outing"
P031,P031.jpg,2025-02-08,Bengaluru,"User|Friend_G","cafe|coffee|indoor","Cafe bill","Dinner outing"
P032,P032.jpg,2025-02-14,Bengaluru,"User|Friend_G","birthday|cake|food|indoor","Happy birthday","Birthday dinner"
P033,P033.jpg,2025-02-14,Bengaluru,"User|Friend_G","birthday|restaurant|indoor","Happy birthday Friend_G","Birthday dinner"
P034,P034.jpg,2025-02-14,Bengaluru,"User|Friend_G","cake|food|birthday|indoor","","Birthday dinner"
P035,P035.jpg,2025-02-20,Bengaluru,"User","screenshot|document","Flight booking Goa","Travel planning"
P036,P036.jpg,2025-02-20,Bengaluru,"User","ticket|document","Gate 12","Travel planning"
P037,P037.jpg,2025-03-01,Bengaluru,"User|User_Father","home|food|indoor","","Family dinner"
P038,P038.jpg,2025-03-01,Bengaluru,"User|User_Father","food|table|indoor","","Family dinner"
P039,P039.jpg,2025-03-10,Bengaluru,"User","car|outdoor|street","","Daily life"
P040,P040.jpg,2025-03-10,Bengaluru,"User","building|outdoor|street|white","","Daily life"
P041,P041.jpg,2025-03-15,Bengaluru,"User|Friend_G","mall|indoor|shopping","","Weekend outing"
P042,P042.jpg,2025-03-15,Bengaluru,"User|Friend_G","food|restaurant|indoor","","Weekend outing"
P043,P043.jpg,2025-04-01,Bengaluru,"User","document|receipt","Electricity bill","Home records"
P044,P044.jpg,2025-04-01,Bengaluru,"User","screenshot|document","UPI payment successful","Home records"
P045,P045.jpg,2025-04-10,Bengaluru,"User|Friend_G","building|blue|outdoor|street","","Bengaluru outing"
P046,P046.jpg,2025-04-10,Bengaluru,"User|Friend_G","cafe|outdoor|food","Lunch menu","Bengaluru outing"
P047,P047.jpg,2025-04-20,Bengaluru,"User","pet|dog|home|indoor","","Daily life"
P048,P048.jpg,2025-04-20,Bengaluru,"User","pet|dog|outdoor|park","","Daily life"
P049,P049.jpg,2025-05-01,Goa,"User|Friend_G","beach|outdoor|sunset","","Goa Trip 2025"
P050,P050.jpg,2025-05-01,Goa,"User|Friend_G","restaurant|food|outdoor|table","","Goa Trip 2025"
P051,P051.jpg,2025-05-02,Goa,"User","building|blue|outdoor|heritage","","Goa Trip 2025"
P052,P052.jpg,2025-05-02,Goa,"User|Friend_G","cafe|indoor|coffee","Coffee menu","Goa Trip 2025"
P053,P053.jpg,2025-05-03,Goa,"User|Friend_G","market|street|outdoor","","Goa Trip 2025"
P054,P054.jpg,2025-05-03,Goa,"User","hotel|pool|outdoor","","Goa Trip 2025"
P055,P055.jpg,2025-05-04,Goa,"User|Friend_G","beach|outdoor|water|sunset","","Goa Trip 2025"